<?xml version="1.0" encoding="UTF-8"?>
<project-private xmlns="http://www.netbeans.org/ns/project-private/1">
    <editor-bookmarks xmlns="http://www.netbeans.org/ns/editor-bookmarks/2" lastBookmarkId="0"/>
    <open-files xmlns="http://www.netbeans.org/ns/projectui-open-files/2">
        <group>
            <file>file:/C:/Users/ASUS/Documents/NetBeansProjects/posproject1/src/posproject1/DBConnector.java</file>
            <file>file:/C:/Users/ASUS/Documents/NetBeansProjects/posproject1/src/posproject1/POSFrame.java</file>
            <file>file:/C:/Users/ASUS/Documents/NetBeansProjects/posproject1/src/posproject1/admin.java</file>
        </group>
    </open-files>
</project-private>
